name,slug,url,feed,neighborhood,district,category,key
Alki News/Alki Community Council,alki-news,http://alkinews.wordpress.com/,http://alkinews.wordpress.com/feed/,Alki,Southwest,news,cibc8a8ez0000knwmybwtgjlv
At Large in Ballard,at-large-in-ballard,http://blog.seattlepi.com/ballard/,http://blog.seattlepi.com/ballard/feed/,Ballard,Ballard,news,cibc8a8fn0002knwma2l807sw
Beach Drive Blog,beach-drive-blog,http://www.mortgageporter.com/beach_drive/,http://beachdriveblog.com/feed,Alki,Southwest,news,cibc8a8fp0003knwmnlybl0zu
Beacon Hill Blog,beacon-hill-blog,http://beaconhill.seattle.wa.us/,http://beaconhill.seattle.wa.us/feed/,Beacon Hill,Greater Duwamish,news,cibc8a8fr0004knwmklc1azn6
Broadview Community Council,broadview-community-council,http://www.broadviewseattle.org/,http://www.broadviewseattle.org/feed/,Broadview,Northwest,community council,cibc8a8ft0005knwmum2du8k2
Catch Seattle,catch-seattle,http://www.catchseattle.com/,http://www.catchseattle.com/feed/,,,news,cibc8a8fv0006knwmicgc9kjp
Central District News,central-district-news,http://www.centraldistrictnews.com/,http://www.centraldistrictnews.com/feed/,Central District,Central,news,cibc8a8fx0007knwmp822lvr8
CHS Capitol Hill Seattle Blog,chs,http://www.capitolhillseattle.com/,http://www.capitolhillseattle.com/feed/,Capitol Hill,East,news,cibc8a8g00008knwmliyulaau
East Ballard Community Association Blog,east-ballard-community-association,http://eastballard.wordpress.com/,http://eastballard.wordpress.com/feed/,Ballard,Ballard,community association,cibc8a8g30009knwmbo8mkmvp
Fremont Universe,fremont-universe,http://www.fremontuniverse.com/,http://www.fremontuniverse.com/feed/,Fremont,Lake Union,news,cibc8a8g5000aknwmedj4b851
Genesee-Schmitz Neighborhood Council,genesee-schmitz-neighborhood-council,http://genesee-schmitz.org/,http://genesee-schmitz.org/feed/,Genesee-Schmitz,Southwest,neighborhood council,cibc8a8g7000bknwmciylnc1p
Highland Park Improvement Club,highland-park-improvement-club,http://www.hpic1919.org/,http://www.hpic1919.org/feed/,Highland Park,Delridge,neighborhood group,cibc8a8ga000cknwms2dy6xww
It's My Darlin',its-my-darlin,http://www.itsmydarlin.com/,http://www.itsmydarlin.com/feeds/posts/default,,,fashion,cibc8a8gc000dknwm85jnssi0
Madison Park Blogger,madison-park-blogger,http://madisonparkblogger.blogspot.com/,http://madisonparkblogger.blogspot.com/feeds/posts/default,Madison Park,East,news,cibc8a8gg000eknwmr042c6gr
Magnolia Voice,magnolia-voice,http://www.magnoliavoice.com/,http://www.magnoliavoice.com/feed/,Magnolia,Magnolia/Queen Anne,news,cibc8a8gj000fknwm4viailij
Maple Leaf Life,maple-leaf-life,http://www.mapleleaflife.com/,http://www.mapleleaflife.com/feed/,Maple Leaf,North,news,cibc8a8gl000gknwmbtnio604
MyBallard,my-ballard,http://www.myballard.com/,http://www.myballard.com/feed/,Ballard,Ballard,news,cibc8a8gm000hknwmyixfdkgo
MyWallingford,my-wallingford,http://mywallingford.com,http://www.mywallingford.com/feed/,Wallingford,Northwest,news,cibc8a8go000iknwmorbnel6o
New Rainier Vista,new-rainier-vista,http://newrainiervista.com/public/about/,http://newrainiervista.com/public/feed,Rainier Beach,Southeast,news,cibc8a8gr000jknwmo08x2qfy
PhinneyWood,phinneywood,http://www.phinneywood.com/,http://www.phinneywood.com/feed/,Phinney Ridge,Northwest,news,cibc8a8gu000kknwmjkp5n4li
Pinehurst Seattle,pinehurst-seattle,http://pinehurstseattle.org,http://feeds.feedburner.com/PinehurstSeattle?format=xml,Pinehurst,North,news,cibc8a8gx000lknwmxczzbyax
Portraits of Seattle,portraits-of-seattle,http://portraitsofseattle.tumblr.com,http://feeds.feedburner.com/PortraitsOfSeattle?format=xml,,,,cibc8a8gz000mknwmw2s0faqt
Queen Anne View,queen-anne-view,http://www.queenanneview.com/,http://www.queenanneview.com/feed/,Queen Anne,Magnolia/Queen Anne,news,cibc8a8h3000nknwm17lx36vb
Rainier Beach Community Empowerment Coalition,rainier-beach-community-empowerment-coalition,http://www.rbcoalition.org/,http://www.rbcoalition.org/feed/,Rainier Beach,Southeast,news,cibc8a8h4000oknwm7j64hnur
Rainier Valley Post,rainier-valley-post,http://www.rainiervalleypost.com/,http://rainiervalleypost.com/feed/,Rainier Valley,Southeast,news,cibc8a8h6000pknwmmet25u26
Ravenna Blog,ravenna-blog,http://www.ravennablog.com/,http://www.ravennablog.com/feed/,Ravenna,Northeast,news,cibc8a8h9000qknwmv4nz4lf0
Southeast District Council,southeast-district-council,http://southeastseattle.org/,http://southeastseattle.org/feed/,Rainier Valley,Columbia City,Hillman City,cibc8a8hb000rknwmrkzqym6e
Southend Seattle,southend-seattle,http://southendseattle.com,http://www.southendseattle.com/?feed=rss2,Beacon Hill,Mount Baker,Genesee,cibc8a8hd000sknwmx62prgs7
Sustainable West Seattle,sustainable-west-seattle,http://www.sustainablewestseattle.org/,http://www.sustainablewestseattle.org/feed/,West Seattle,Southwest,Delridge,cibc8a8hf000tknwmnjk5pitt
The Laurelhurst Blog,laurelhurst-blog,http://thelaurelhurstblog.blogspot.com/,http://thelaurelhurstblog.blogspot.com/feeds/posts/default,Laurelhurst,Northeast,news,cibc8a8hj000uknwmhn30bvuj
U District Daily,u-district-daily,http://www.udistrictdaily.com/,http://www.udistrictdaily.com/feed/,University District,Northeast,news,cibc8a8hl000vknwmm2vdmyu2
Wallyhood - Wallingford Seattle Blog,wallyhood,http://www.wallyhood.org/,http://feeds2.feedburner.com/Wallyhood?format=xml,Wallingford,Northwest,news,cibc8a8hn000wknwm350cr02s
Wedgwood View,wedgwood-view,http://www.wedgwoodview.com/,http://www.wedgwoodview.com/feed/,Wedgwood,Northeast,news,cibc8a8hv000xknwmdf9ej5k5
West Seattle Blockwatch Captains' Network,west-seattle-blockwatch,http://wsblockwatchnet.wordpress.com,http://wsblockwatchnet.wordpress.com/feed/,West Seattle,Southwest,Delridge,cibc8a8hz000yknwm2r0t0daa
West Seattle Blog,west-seattle-blog,http://westseattleblog.com/,http://westseattleblog.com/feed/,West Seattle,Southwest,Delridge,cibc8a8i1000zknwmbkbshdvk
White Center Now,white-center-now,http://whitecenternow.com/,http://whitecenternow.com/feed/,White Center,Delridge,news,cibc8a8i30010knwmpi0omypp
the south park news,south-park-news,http://thesouthparknews.com/,http://thesouthparknews.com/feed/,South Park,Greater Duwamish,neighborhood info,cibc8a8i40011knwmfv89ujxb
Jackson Commons,jackson-commons,http://www.jacksoncommons.com,http://jacksoncommons.com/feed/,Central District,Central,events,cibc8a8i60012knwmsec7v890
Lake City Live,lake-city-live,http://lakecitylive.net,http://lakecitylive.net/feed/,Lake City,Northeast,events,cibc8a8i80013knwm4908dx6q
West Seattle Herald,west-seattle-herald,http://www.westseattleherald.com/,http://www.westseattleherald.com/feed,West Seattle,Southwest,Delridge,cibc8a8ia0014knwm83j2wgn5
White Center Community Development Association,white-center-community-development-association,http://www.wccda.org/home,http://www.wccda.org/home/feed,White Center,Delridge,nonprofit,cibc8a8ic0015knwm4nu8iidl
Your Capitol Hill,your-capitol-hill,http://www.yourcapitolhill.com/,http://www.yourcapitolhill.com/rss,Capitol Hill,East,dining,cibc8a8ie0016knwmpql4b2q2
Parks of Seattle,parks-of-seattle,http://parksofseattle.tumblr.com/,http://parksofseattle.tumblr.com/rss,,,,cibc8a8ig0017knwmtuj65rhm
Fuck Yeah Seattle,fuck-yeah-seattle,http://fuckyeahseattle.tumblr.com/,http://fuckyeahseattle.tumblr.com/rss,,,,cibc8a8ii0018knwmdef32pfg
Stranger's SLOG,slog,http://slog.thestranger.com/blogs/slog/,http://slog.thestranger.com/seattle/Rss.xml?id=slog,,,,cibc8a8ip0019knwmiqfg911h
Seattle Transit Blog,seattle-transit-blog,http://seattletransitblog.com/,http://feeds.feedburner.com/seattletransitblog/rss?format=xml,,,transit,cibc8a8ir001aknwmn6ki2qfb
montlaker.com,montlaker,http://montlaker.com,http://montlaker.com/feed/,Montlake,,,cibc8a8is001bknwm9b2ze8yy
exploreseattle.tumblr.com,explore-seattle,http://exploreseattle.tumblr.com,http://exploreseattle.tumblr.com/rss,,,,cibc8a8iu001cknwmgtk9b2bs
whenyouliveinseattle.tumblr.com,when-you-live-in-seattle,http://whenyouliveinseattle.tumblr.com,http://whenyouliveinseattle.tumblr.com/rss,,,,cibc8a8iv001dknwm1l7vfzrl
seattleoddity.tumblr.com,seattle-oddity,http://seattleoddity.tumblr.com,http://seattleoddity.tumblr.com/rss,,,,cibc8a8ix001eknwmsdwm3wp3
Seattle By Sarah,seattle-by-sarah,http://seattlebysarah.com/,http://seattlebysarah.com/feed/,,,,cibc8a8iy001fknwmsoqo37mw
Seattle Globalist,seattle-globalist,http://www.seattleglobalist.com/,http://www.seattleglobalist.com/feed,,,,cibc8a8j1001gknwmql50rgpn
Seattlish,seattlish,http://seattlish.com/,http://seattlish.com/rss,,,,cibc8a8j3001hknwmz4fb7duj
The Seattle Coffee Project,seattle-coffee-project,http://theseattlecoffeeproject.wordpress.com/,http://theseattlecoffeeproject.wordpress.com/feed/,,,,cibc8a8j5001iknwmaiezjkzs
seattle.io,seattle-io,http://seattle.io,http://seattle.io/rss.xml,,,,cibc8a8j6001jknwmdfbk5b6j
Vanguard Seattle,vanguard-seattle,http://vanguardseattle.com/,http://vanguardseattle.com/feed/,,,,cibc8a8j9001kknwmfa3ju16f
Eating Up The Ave,eating-up-the-ave,http://eatinguptheave.wordpress.com/,http://eatinguptheave.wordpress.com/feed/,University District,,,cibc8a8jb001lknwm84z1ynbv
Build the City,build-the-city,http://buildthecity.wordpress.com/,http://buildthecity.wordpress.com/feed/,,,,cibc8a8jd001mknwm0fvsbseq
The Seattle Medium,the-seattle-medium,http://seattlemedium.com/,http://seattlemedium.com/feed/,,,,cibc8a8je001nknwmop0ahnej
"Madrona, Seattle",madrona-seattle,http://madrona.us/,http://madrona.us/feed/,Madrona,,,cibc8a8jg001oknwmpqvtoxdo
News of Madison Valley,news-madison-valley,http://madisonvalley.org,http://madisonvalley.org/feed.xml,Madison Valley,,,cibc8a8jh001pknwm3jopigz1
Africatown,africatown,http://www.africatownseattle.org/,http://www.africatownseattle.org/feed/,Central District,,,cibc8a8ji001qknwm6si2m51w
220 & Blog,220-and-blog,http://220andchange.org/blog/,http://220andchange.org/feed/,Pioneer Square,,,cibc8a8jl001rknwmc779jxk7
Crosscut,crosscut,http://crosscut.com,http://crosscut.com/feed/main.xml/,,,news,cibc8a8jn001sknwmdauyiba3
International Examiner,international-examiner,http://www.iexaminer.org/,http://www.iexaminer.org/feed/,,,,cibc8a8jo001tknwmc2vv5pnb
Northwest Asian Weekly,northwest-asian-weekly,http://www.nwasianweekly.com/,http://www.nwasianweekly.com/feed/,,,,cibc8a8jw001uknwmtdm9nk7a
Ballard News-Tribune,ballard-news-tribune,http://www.ballardnewstribune.com/,http://www.ballardnewstribune.com/feed,Ballard,,,cibc8a8k1001vknwmccqt6y6a
Public Data Ferret,public-data-ferret,http://socialcapitalreview.org/public-data-ferret/,http://socialcapitalreview.org/feed,,,,cibc8a8k4001wknwmb7ekz27z
People of Pioneer Square,people-of-pioneer-square,http://www.peopleofpioneersquare.com/,http://www.peopleofpioneersquare.com/feed,Pioneer Square,,,cibc8a8k6001xknwmtrk9ntmo
The New Pioneer Square,new-pioneer-square,http://www.thenewpioneersquare.com/blog/,http://www.thenewpioneersquare.com/feed/,Pioneer Square,,,cibc8a8k7001yknwmxdb4ipkz
What's Good 206,whats-good-206,http://wg206.org/,http://wg206.org/feed/,,,,cibc8a8k9001zknwmafi97a4v
206UP,206up,http://206up.com/,http://206up.com/feed/,,,music,cibc8a8kb0020knwm6za601si
The SunBreak,the-sunbreak,http://thesunbreak.com/,http://feeds.feedburner.com/RecentStories-TheSunbreakMostRecentStories?format=xml,,,news,cibc8a8kc0021knwm2tsnh9b1
Lake Union Beat,lake-union-beat,http://lakeunionbeat.com/,http://lakeunionbeat.com/?feed=rss2,South Lake Union,,news,cibc8a8ke0022knwmsfvmkyx8
Seattle Pockets,seattle-pockets,http://seattlepockets.com/,http://seattlepockets.com/feed/rss/,,,,cibc8a8kg0023knwmpeemulme
Seattle Bike Blog,seattle-bike-blog,http://www.seattlebikeblog.com/,http://www.seattlebikeblog.com/feed/,,,transit,cibc8a8kh0024knwm4byoexav
Geekwire,geekwire,http://www.geekwire.com/,http://feeds.geekwire.com/geekwire?format=xml,,,technology,cibc8a8kj0025knwmqat3060c
Seattle Star,seattle-star,http://www.seattlestar.net/,http://www.seattlestar.net/feed/,,,,cibc8a8kk0026knwms4da5f0y
Seattle Coffee Scene,seattle-coffee-scene,http://seattlecoffeescene.com/,http://feeds.feedburner.com/SeattleCoffeeScene?format=xml,,,coffee,cibc8a8km0027knwmhnya7jeh
